WG_i,heater_j,heater_k,B_K_um_per_mW2,C_K_um_per_mW3,B_rad_per_mW2
0,0,1,-0.002429679893,4.30385525e-06,-1.83193548e-06
1,0,1,-0.002436463156,4.307532675e-06,-1.83704994e-06
2,0,1,7.30265275e-05,5.214950004e-09,5.506070455e-08
3,0,1,1.779817505e-05,5.996849994e-10,1.341950784e-08
4,0,1,4.901486675e-06,1.082625003e-10,3.695633887e-09
5,0,1,1.470507675e-06,2.962250001e-11,1.108736666e-09
0,0,2,-0.001018885845,1.8234218e-06,-7.682218285e-07
1,0,2,0.0001444814928,1.2290525e-08,1.089364791e-07
2,0,2,-0.001023110688,1.82559865e-06,-7.714072847e-07
3,0,2,3.69436388e-05,2.141109997e-09,2.785484742e-08
4,0,2,9.352299225e-06,2.534475003e-10,7.051467489e-09
5,0,2,2.709908075e-06,4.619250049e-11,2.043222552e-09
0,0,3,-0.0005114186193,9.171306751e-07,-3.856005545e-07
1,0,3,6.898854825e-05,4.210575001e-09,5.201613993e-08
2,0,3,6.866403125e-05,4.154675002e-09,5.177145987e-08
3,0,3,-0.0005137971534,9.19198735e-07,-3.873939271e-07
4,0,3,1.939869673e-05,1.010397497e-09,1.462627275e-08
5,0,3,5.171588925e-06,1.258874986e-10,3.899286186e-09
0,0,4,-0.0002646754657,4.749309326e-07,-1.995605997e-07
1,0,4,3.53395639e-05,1.817530003e-09,2.664540344e-08
2,0,4,3.306293225e-05,1.245575003e-09,2.492886362e-08
3,0,4,3.51709263e-05,1.786859999e-09,2.651825368e-08
4,0,4,-0.0002654466935,4.749037224e-07,-2.001420918e-07
5,0,4,1.067183343e-05,5.266374981e-10,8.046372837e-09
0,0,5,-0.0001411417235,2.532584727e-07,-1.064183524e-07
1,0,5,1.88684447e-05,8.771099977e-10,1.422647214e-08
2,0,5,1.73562887e-05,4.971399981e-10,1.308633338e-08
3,0,5,1.73561893e-05,4.971600003e-10,1.308625843e-08
4,0,5,1.886998198e-05,8.770724982e-10,1.422763122e-08
5,0,5,-0.0001413281958,2.544293624e-07,-1.065589492e-07
0,1,2,7.452096425e-05,5.323275002e-09,5.618748332e-08
1,1,2,-0.002389853722,4.22544965e-06,-1.801907255e-06
2,1,2,-0.002392270056,4.22711725e-06,-1.803729128e-06
3,1,2,7.095068525e-05,5.030475002e-09,5.349555637e-08
4,1,2,1.74351152e-05,5.830400003e-10,1.314576716e-08
5,1,2,4.98470955e-06,1.095450002e-10,3.758382457e-09
0,1,3,3.790439325e-05,2.206225e-09,2.857923921e-08
1,1,3,-0.0009989527132,1.784000025e-06,-7.531926013e-07
2,1,3,0.0001404747483,1.1817075e-08,1.059154649e-07
3,1,3,-0.001000328679,1.78641805e-06,-7.542300554e-07
4,1,3,3.638741495e-05,2.098364995e-09,2.743546452e-08
5,1,3,9.56611025e-06,2.601850007e-10,7.212677204e-09
0,1,4,1.982557303e-05,1.040757498e-09,1.49481299e-08
1,1,4,-0.0005035307678,9.009338048e-07,-3.796532547e-07
2,1,4,6.735575825e-05,4.060975002e-09,5.078504527e-08
3,1,4,6.736477075e-05,4.059724997e-09,5.079184054e-08
4,1,4,-0.000503324839,9.000530649e-07,-3.79497988e-07
5,1,4,1.982710075e-05,1.040234999e-09,1.494928177e-08
0,1,5,1.067101598e-05,5.267224992e-10,8.045756494e-09
1,1,5,-0.0002655585381,4.75388585e-07,-2.002264205e-07
2,1,5,3.516644695e-05,1.787014996e-09,2.651487633e-08
3,1,5,3.3062924e-05,1.244999999e-09,2.492885739e-08
4,1,5,3.534245995e-05,1.816865e-09,2.664758701e-08
5,1,5,-0.0002650274155,4.7715046e-07,-1.998259636e-07
0,2,3,1.8186196e-05,6.133500006e-10,1.371206874e-08
1,2,3,7.123262625e-05,5.046375001e-09,5.370813488e-08
2,2,3,-0.002381142149,4.208000725e-06,-1.795338884e-06
3,2,3,-0.00238234422,4.212624575e-06,-1.796245224e-06
4,2,3,7.124349225e-05,5.038474999e-09,5.371632765e-08
5,2,3,1.81848038e-05,6.117100018e-10,1.371101905e-08
0,2,4,9.566651525e-06,2.607075014e-10,7.213085316e-09
1,2,4,3.63811729e-05,2.101930003e-09,2.743075812e-08
2,2,4,-0.0009998144618,1.784303775e-06,-7.538423443e-07
3,2,4,0.0001404922248,1.182122499e-08,1.059286419e-07
4,2,4,-0.0009985093345,1.78215095e-06,-7.528583016e-07
5,2,4,3.790594805e-05,2.206985002e-09,2.85804115e-08
0,2,5,5.171859475e-06,1.261724998e-10,3.899490176e-09
1,2,5,1.939541545e-05,1.011935002e-09,1.462379873e-08
2,2,5,-0.0005135384561,9.181333151e-07,-3.871988738e-07
3,2,5,6.866223575e-05,4.157025002e-09,5.17701061e-08
4,2,5,6.899146625e-05,4.213075e-09,5.201834005e-08
5,2,5,-0.0005120804992,9.213595099e-07,-3.860996002e-07
0,3,4,4.984937275e-06,1.097824995e-10,3.758554157e-09
1,3,4,1.743428065e-05,5.833549981e-10,1.314513792e-08
2,3,4,7.0940846e-05,5.029399999e-09,5.348813775e-08
3,3,4,-0.00239071424,4.22707835e-06,-1.80255607e-06
4,3,4,-0.002386967662,4.217487125e-06,-1.799731217e-06
5,3,4,7.452430875e-05,5.321625002e-09,5.619000501e-08
0,3,5,2.709958925e-06,4.633749939e-11,2.043260892e-09
1,3,5,9.3517297e-06,2.536100003e-10,7.051038078e-09
2,3,5,3.69383642e-05,2.140789998e-09,2.785087047e-08
3,3,5,-0.001023385105,1.827333975e-06,-7.716141905e-07
4,3,5,0.0001445076483,1.2289975e-08,1.089561999e-07
5,3,5,-0.001020215237,1.831888125e-06,-7.692241667e-07
0,4,5,1.47038855e-06,2.931500043e-11,1.108646848e-09
1,4,5,4.90086535e-06,1.077649994e-10,3.695165419e-09
2,4,5,1.77951797e-05,5.988399994e-10,1.34172494e-08
3,4,5,7.302787425e-05,5.207374999e-09,5.506171998e-08
4,4,5,-0.00243420558,4.30080065e-06,-1.835347769e-06
5,4,5,-0.002432339793,4.323721875e-06,-1.833940998e-06
