WG_i,heater_j,heater_k,B_K_um_per_mW2,C_K_um_per_mW3,D_K_um_per_mW4,B_rad_per_mW2
0,0,1,-0.002431094264,4.517116468e-06,-7.150820244e-09,-1.833001891e-06
1,0,1,-0.002437879069,4.521026423e-06,-7.158620801e-09,-1.838117514e-06
2,0,1,7.302619485e-05,5.265659066e-09,-1.721232695e-12,5.506045374e-08
3,0,1,1.779813304e-05,6.060786234e-10,-2.16604147e-13,1.341947616e-08
4,0,1,4.901471941e-06,1.105045628e-10,-7.59548677e-14,3.695622778e-09
5,0,1,1.470501187e-06,3.060987509e-11,-3.345139166e-14,1.108731774e-09
0,0,2,-0.001019484567,1.91370029e-06,-3.027192552e-09,-7.686732546e-07
1,0,2,0.0001444812233,1.233179812e-08,-1.408298495e-12,1.089362759e-07
2,0,2,-0.001023709741,1.91592462e-06,-3.02869033e-09,-7.718589607e-07
3,0,2,3.694351923e-05,2.159352995e-09,-6.198332465e-13,2.785475727e-08
4,0,2,9.352284039e-06,2.557569369e-10,-7.818401729e-14,7.05145604e-09
5,0,2,2.709903168e-06,4.694981329e-11,-2.60521006e-14,2.043218852e-09
0,0,3,-0.0005117192484,9.624612005e-07,-1.520013943e-09,-3.858272235e-07
1,0,3,6.898844708e-05,4.226041251e-09,-5.265972275e-13,5.201606364e-08
2,0,3,6.866392706e-05,4.170616566e-09,-5.433160415e-13,5.177138132e-08
3,0,3,-0.0005140988145,9.646851918e-07,-1.52525546e-09,-3.876213741e-07
4,0,3,1.939864203e-05,1.018745371e-09,-2.837568822e-13,1.462623151e-08
5,0,3,5.171581905e-06,1.269520606e-10,-3.592704776e-14,3.899280893e-09
0,0,4,-0.0002648308877,4.983653695e-07,-7.857626384e-10,-1.996777851e-07
1,0,4,3.533951602e-05,1.824810877e-09,-2.464792074e-13,2.664536734e-08
2,0,4,3.306289511e-05,1.251250629e-09,-1.93159787e-13,2.492883561e-08
3,0,4,3.517087739e-05,1.794304249e-09,-2.522638864e-13,2.651821681e-08
4,0,4,-0.0002656019894,4.983193059e-07,-7.851369159e-10,-2.002591821e-07
5,0,4,1.067180636e-05,5.307779972e-10,-1.410832932e-13,8.046352429e-09
0,0,5,-0.0001412244667,2.657337364e-07,-4.182721878e-10,-1.064807393e-07
1,0,5,1.886842255e-05,8.804760586e-10,-1.138436916e-13,1.422645544e-08
2,0,5,1.735627151e-05,4.997532469e-10,-8.843050677e-14,1.308632042e-08
3,0,5,1.735617201e-05,4.997873743e-10,-8.889582647e-14,1.30862454e-08
4,0,5,1.886995999e-05,8.804234997e-10,-1.137222119e-13,1.422761464e-08
5,0,5,-0.0001414117158,2.670220521e-07,-4.222209755e-10,-1.066219218e-07
0,1,2,7.452063893e-05,5.372860316e-09,-1.682829919e-12,5.618723803e-08
1,1,2,-0.002391242753,4.434890156e-06,-7.022717049e-09,-1.80295456e-06
2,1,2,-0.002393658458,4.436457796e-06,-7.019169934e-09,-1.804775958e-06
3,1,2,7.095035567e-05,5.080726565e-09,-1.706093795e-12,5.349530788e-08
4,1,2,1.743507291e-05,5.894585624e-10,-2.168159652e-13,1.314573527e-08
5,1,2,4.984694472e-06,1.118311252e-10,-7.713195269e-14,3.758371088e-09
0,1,3,3.790427854e-05,2.223699689e-09,-5.927257067e-13,2.857915272e-08
1,1,3,-0.0009995386959,1.87235818e-06,-2.962824723e-09,-7.536344217e-07
2,1,3,0.0001404744806,1.185811125e-08,-1.401597263e-12,1.059152631e-07
3,1,3,-0.001000916042,1.874985497e-06,-2.969890817e-09,-7.54672916e-07
4,1,3,3.63873025e-05,2.115515742e-09,-5.824581977e-13,2.743537973e-08
5,1,3,9.566095759e-06,2.623943771e-10,-7.500697594e-14,7.212666278e-09
0,1,4,1.982551845e-05,1.049098686e-09,-2.839201285e-13,1.494808875e-08
1,1,4,-0.0005038261557,9.454734594e-07,-1.493473213e-09,-3.798759719e-07
2,1,4,6.735565598e-05,4.076611565e-09,-5.324826814e-13,5.078496816e-08
3,1,4,6.736466981e-05,4.075167185e-09,-5.261978878e-13,5.079176443e-08
4,1,4,-0.000503619662,9.445070838e-07,-1.490584368e-09,-3.797202793e-07
5,1,4,1.982704594e-05,1.048617495e-09,-2.855276953e-13,1.494924045e-08
0,1,5,1.067098883e-05,5.308579687e-10,-1.402725701e-13,8.045736027e-09
1,1,5,-0.0002657141444,4.988520762e-07,-7.867846794e-10,-2.003437449e-07
2,1,5,3.516639829e-05,1.794445431e-09,-2.526839041e-13,2.651483964e-08
3,1,5,3.306288714e-05,1.250602187e-09,-1.895312475e-13,2.49288296e-08
4,1,5,3.534241298e-05,1.82403825e-09,-2.439861153e-13,2.66475516e-08
5,1,5,-0.000265184327,5.008109219e-07,-7.933959801e-10,-1.99944272e-07
0,2,3,1.81861532e-05,6.198615642e-10,-2.205382222e-13,1.371203647e-08
1,2,3,7.123230159e-05,5.095874375e-09,-1.680451395e-12,5.370789009e-08
2,2,3,-0.002382524583,4.416439835e-06,-6.988886116e-09,-1.796381215e-06
3,2,3,-0.002383730549,4.421660935e-06,-7.009287777e-09,-1.797290491e-06
4,2,3,7.124317576e-05,5.086703122e-09,-1.636354102e-12,5.371608902e-08
5,2,3,1.818476338e-05,6.178611281e-10,-2.08409766e-13,1.371098857e-08
0,2,4,9.566636552e-06,2.629871275e-10,-7.727087888e-14,7.213074027e-09
1,2,4,3.638105761e-05,2.119510253e-09,-5.969306135e-13,2.74306712e-08
2,2,4,-0.001000400042,1.872598086e-06,-2.96056589e-09,-7.542838611e-07
3,2,4,0.0001404919553,1.186249812e-08,-1.408298498e-12,1.059284387e-07
4,2,4,-0.0009990941374,1.870330325e-06,-2.956795837e-09,-7.532992326e-07
5,2,4,3.790583355e-05,2.224473314e-09,-5.948854298e-13,2.858032517e-08
0,2,5,5.171851973e-06,1.273245312e-10,-3.942187564e-14,3.89948452e-09
1,2,5,1.939535903e-05,1.020524815e-09,-2.911354506e-13,1.462375618e-08
2,2,5,-0.0005138392144,9.634820738e-07,-1.520577931e-09,-3.874256403e-07
3,2,5,6.866213103e-05,4.173054379e-09,-5.465625705e-13,5.177002714e-08
4,2,5,6.89913643e-05,4.228681248e-09,-5.321527563e-13,5.201826318e-08
5,2,5,-0.0005123839607,9.671180019e-07,-1.53439773e-09,-3.863284049e-07
0,3,4,4.984921922e-06,1.121180617e-10,-7.90937368e-14,3.758542581e-09
1,3,4,1.743423775e-05,5.89890247e-10,-2.216527233e-13,1.314510558e-08
2,3,4,7.094051451e-05,5.079921558e-09,-1.714427011e-12,5.348788781e-08
3,3,4,-0.002392105131,4.436801801e-06,-7.032294096e-09,-1.803604778e-06
4,3,4,-0.002388352523,4.426296654e-06,-7.00147479e-09,-1.800775378e-06
5,3,4,7.452398467e-05,5.371016564e-09,-1.676093768e-12,5.618976066e-08
0,3,5,2.709953622e-06,4.714778046e-11,-2.75746401e-14,2.043256894e-09
1,3,5,9.351713976e-06,2.560113757e-10,-8.167361757e-14,7.051026222e-09
2,3,5,3.693824387e-05,2.159156684e-09,-6.242811952e-13,2.785077974e-08
3,3,5,-0.001023985833,1.917916061e-06,-3.03741705e-09,-7.720671288e-07
4,3,5,0.0001445073792,1.233111062e-08,-1.400937364e-12,1.08955997e-07
5,3,5,-0.001020819619,1.923021498e-06,-3.055918072e-09,-7.696798596e-07
0,4,5,1.470382243e-06,3.028496964e-11,-3.324480598e-14,1.108642093e-09
1,4,5,4.900850747e-06,1.099950613e-10,-7.584372666e-14,3.695154409e-09
2,4,5,1.77951379e-05,6.052060609e-10,-2.158437176e-13,1.341721788e-08
3,4,5,7.302754655e-05,5.257321872e-09,-1.695034675e-12,5.50614729e-08
4,4,5,-0.002435617943,4.513755759e-06,-7.140434339e-09,-1.836412665e-06
5,4,5,-0.002433767839,4.53904984e-06,-7.220301946e-09,-1.83501772e-06
