fila,guida,heater,differenza_media_mrad,differenza_media_abs_mrad,differenza_max_abs_mrad
0,0,1,-26.1411,41.6782,146.3434
0,1,0,106.7650,106.7650,202.5215
0,2,1,-7.4156,41.3365,133.8542
0,3,0,104.8469,104.8469,201.9060
0,4,1,-25.8000,42.0173,143.7632
0,5,0,63.0836,63.0836,122.0641
1,0,1,2.2855,8.6488,28.0633
1,1,0,52.2360,52.2360,89.7421
1,2,1,9.9014,12.4493,36.8039
1,3,0,52.0354,52.0354,89.6197
1,4,1,1.6642,8.1064,30.3380
1,5,0,31.3343,31.3343,56.7316
2,0,0,57.9218,57.9218,116.2476
2,1,1,-28.4727,39.9971,145.6158
2,2,0,91.9242,91.9242,181.9269
2,3,1,-30.9339,41.0816,148.7290
2,4,0,57.6105,57.6105,114.0108
2,5,0,27.8072,27.8072,55.0038
3,0,0,18.4004,18.4004,44.8298
3,1,1,2.0644,4.5826,22.3949
3,2,0,29.2164,29.2164,61.9147
3,3,1,1.5593,4.3791,21.8354
3,4,0,18.3299,18.3299,39.8740
3,5,0,8.8493,8.8493,19.1944
4,0,1,-24.0640,40.5265,144.8951
4,1,0,105.4110,105.4110,200.4646
4,2,1,-7.9219,38.6341,144.2969
4,3,0,104.4562,104.4562,196.1867
4,4,1,-25.3555,40.5317,143.3734
4,5,0,62.7898,62.7898,120.0180
5,0,1,0.7814,5.2886,23.2812
5,1,0,33.5750,33.5750,69.3053
5,2,1,13.0900,13.1865,32.5271
5,3,0,33.1786,33.1786,63.8929
5,4,1,0.6196,5.3447,27.6426
5,5,0,21.9883,21.9883,45.9764
6,0,0,58.4251,58.4251,115.4375
6,1,1,-29.0121,41.2254,147.0597
6,2,0,92.8039,92.8039,180.1480
6,3,1,-31.9019,42.5955,145.7399
6,4,0,58.2123,58.2123,113.2032
6,5,0,28.0956,28.0956,54.5687
7,0,0,16.3546,16.3546,37.2889
7,1,1,1.9301,3.9079,16.2052
7,2,0,25.5157,25.5157,58.0178
7,3,1,2.2333,4.0668,21.9874
7,4,0,15.7285,15.7285,37.5699
7,5,0,7.6046,7.6046,17.8542
8,0,1,-23.1442,40.4921,144.6608
8,1,0,102.8218,102.8218,195.1278
8,2,1,-6.1641,40.2267,135.3097
8,3,0,102.4383,102.4383,191.7897
8,4,1,-25.4459,41.1615,142.3338
8,5,0,62.0463,62.0463,118.7804
9,0,1,2.5024,5.7372,27.9979
9,1,0,36.0744,36.0744,71.0761
9,2,1,11.1373,11.5066,28.4969
9,3,0,35.9388,35.9388,70.1204
9,4,1,2.0599,5.7710,20.9457
9,5,0,22.5909,22.5909,47.9394
10,0,0,58.7351,58.7351,113.5949
10,1,1,-29.1545,40.7491,147.1333
10,2,0,92.9933,92.9933,179.0234
10,3,1,-30.8596,41.5374,144.1132
10,4,0,58.1435,58.1435,111.8836
10,5,0,28.0699,28.0699,53.8538
11,0,0,29.3463,29.3463,54.1730
11,1,1,-0.9064,7.8633,31.3389
11,2,0,46.3488,46.3488,85.5772
11,3,1,-1.3962,8.0206,36.1044
11,4,0,28.9208,28.9208,53.9964
11,5,0,13.9677,13.9677,26.0509
12,0,1,37.3000,54.6345,149.2614
12,1,1,78.7754,85.9326,223.5812
12,2,1,92.1413,95.2530,262.6556
12,3,1,94.7312,99.2549,246.1068
12,4,1,77.1861,83.1607,221.2022
12,5,1,39.0254,57.8923,168.1044
