fila,guida,heater,fase_ideale_rad,fase_nonlineare_crosstalk_rad
0,0,1,1.570796,1.574814
0,1,0,0.000000,0.052456
0,2,1,1.570796,1.582246
0,3,0,0.000000,0.051900
0,4,1,1.570796,1.574529
0,5,0,0.000000,0.031073
1,0,1,3.141593,3.130374
1,1,0,0.000000,0.104978
1,2,1,3.141593,3.145097
1,3,0,0.000000,0.103865
1,4,1,3.141593,3.129800
1,5,0,0.000000,0.062169
2,0,0,0.000000,0.029396
2,1,1,1.570796,1.571503
2,2,0,0.000000,0.046217
2,3,1,1.570796,1.571500
2,4,0,0.000000,0.028709
2,5,0,0.000000,0.013871
3,0,0,0.000000,0.058813
3,1,1,3.141593,3.123780
3,2,0,0.000000,0.092486
3,3,1,3.141593,3.123764
3,4,0,0.000000,0.057438
3,5,0,0.000000,0.027747
4,0,1,1.570796,1.574814
4,1,0,0.000000,0.052456
4,2,1,1.570796,1.582246
4,3,0,0.000000,0.051900
4,4,1,1.570796,1.574529
4,5,0,0.000000,0.031073
5,0,1,3.141593,3.130374
5,1,0,0.000000,0.104978
5,2,1,3.141593,3.145097
5,3,0,0.000000,0.103865
5,4,1,3.141593,3.129800
5,5,0,0.000000,0.062169
6,0,0,0.000000,0.029396
6,1,1,1.570796,1.571503
6,2,0,0.000000,0.046217
6,3,1,1.570796,1.571500
6,4,0,0.000000,0.028709
6,5,0,0.000000,0.013871
7,0,0,0.000000,0.058813
7,1,1,3.141593,3.123780
7,2,0,0.000000,0.092486
7,3,1,3.141593,3.123764
7,4,0,0.000000,0.057438
7,5,0,0.000000,0.027747
8,0,1,1.570796,1.574814
8,1,0,0.000000,0.052456
8,2,1,1.570796,1.582246
8,3,0,0.000000,0.051900
8,4,1,1.570796,1.574529
8,5,0,0.000000,0.031073
9,0,1,3.141593,3.130374
9,1,0,0.000000,0.104978
9,2,1,3.141593,3.145097
9,3,0,0.000000,0.103865
9,4,1,3.141593,3.129800
9,5,0,0.000000,0.062169
10,0,0,0.000000,0.029396
10,1,1,1.570796,1.571503
10,2,0,0.000000,0.046217
10,3,1,1.570796,1.571500
10,4,0,0.000000,0.028709
10,5,0,0.000000,0.013871
11,0,0,0.000000,0.058813
11,1,1,3.141593,3.123780
11,2,0,0.000000,0.092486
11,3,1,3.141593,3.123764
11,4,0,0.000000,0.057438
11,5,0,0.000000,0.027747
12,0,1,3.141593,3.130374
12,1,1,0.000000,0.104978
12,2,1,3.141593,3.145097
12,3,1,0.000000,0.103865
12,4,1,3.141593,3.129800
12,5,1,0.000000,0.062169
somma,0,,0.000000,0.231806
somma,1,,0.000000,0.525963
somma,2,,0.000000,0.464476
somma,3,,0.000000,0.519785
somma,4,,0.000000,0.222465
somma,5,,0.000000,0.466749
