sample,1-F_nl_xt,1-F_solo_nl,1-F_solo_xt
0,3.144430e-02,1.177724e-02,8.111421e-03
1,3.489544e-02,1.318321e-02,1.031117e-02
2,2.684929e-02,5.212046e-03,1.091217e-02
3,3.055105e-02,7.909691e-03,1.291175e-02
4,2.052622e-02,6.966010e-03,9.588914e-03
5,2.201676e-02,4.539916e-03,9.644028e-03
6,4.755893e-02,1.880812e-02,1.265213e-02
7,3.629540e-02,1.425289e-02,1.078541e-02
8,3.231599e-02,1.177835e-02,1.051463e-02
9,4.972554e-02,1.513232e-02,1.535626e-02
10,1.148071e-02,3.171853e-03,7.578857e-03
11,4.000410e-02,1.450707e-02,1.009346e-02
12,3.207675e-02,8.615686e-03,1.095651e-02
13,3.143439e-02,1.243066e-02,1.594317e-02
14,2.543074e-02,5.093396e-03,1.030508e-02
15,3.990899e-02,1.386404e-02,1.262031e-02
16,2.638740e-02,6.522144e-03,1.281755e-02
17,6.000143e-02,1.912566e-02,1.903249e-02
18,4.442766e-02,1.400757e-02,2.136952e-02
19,3.008001e-02,1.073213e-02,1.335871e-02
20,2.529664e-02,7.022609e-03,1.385715e-02
21,2.643245e-02,1.024790e-02,8.625708e-03
22,3.922630e-02,1.518505e-02,1.768218e-02
23,3.539590e-02,1.146709e-02,1.338056e-02
24,2.245669e-02,9.056394e-03,7.214856e-03
25,2.831231e-02,1.170056e-02,1.085565e-02
26,2.127505e-02,3.295092e-03,1.454560e-02
27,2.427973e-02,5.326597e-03,1.192730e-02
28,1.808234e-02,5.094409e-03,8.181471e-03
29,3.681339e-02,1.922370e-02,1.173036e-02
30,3.713572e-02,1.391982e-02,1.442611e-02
31,2.929059e-02,1.220562e-02,8.881140e-03
32,2.402794e-02,1.092770e-02,1.756358e-02
33,2.682880e-02,6.166466e-03,1.349674e-02
34,4.673201e-02,1.229475e-02,1.669962e-02
35,7.200544e-02,2.318474e-02,2.169098e-02
36,4.296432e-02,1.379924e-02,1.465368e-02
37,3.079750e-02,1.349262e-02,1.483562e-02
38,3.180819e-02,1.369035e-02,1.108274e-02
39,3.483103e-02,1.704066e-02,8.107155e-03
40,3.853076e-02,1.476713e-02,1.049016e-02
41,5.748031e-02,1.688665e-02,2.713861e-02
42,3.268456e-02,1.100472e-02,1.547973e-02
43,2.384118e-02,8.925240e-03,1.281341e-02
44,2.496356e-02,1.414873e-02,1.186619e-02
45,3.249473e-02,1.290769e-02,8.977079e-03
46,4.746192e-02,1.301242e-02,2.632676e-02
47,4.197504e-02,1.418559e-02,1.602263e-02
48,1.997472e-02,6.492825e-03,1.252410e-02
49,3.365409e-02,9.247714e-03,1.463625e-02
50,2.095747e-02,7.303951e-03,1.097406e-02
51,3.800296e-02,1.657261e-02,1.770504e-02
52,4.071791e-02,1.332974e-02,9.829402e-03
53,3.196685e-02,1.095831e-02,8.450869e-03
54,3.550182e-02,6.390561e-03,1.955948e-02
55,2.211345e-02,6.376340e-03,1.115291e-02
56,3.343931e-02,1.007345e-02,1.179942e-02
57,5.476731e-02,1.663536e-02,1.528474e-02
58,1.790088e-02,7.186614e-03,7.632444e-03
59,6.472312e-02,1.883270e-02,2.180671e-02
60,4.786077e-02,1.852000e-02,1.022862e-02
61,4.934025e-02,1.446066e-02,1.569675e-02
62,3.262550e-02,7.618279e-03,1.978461e-02
63,4.004083e-02,1.327473e-02,1.200936e-02
64,2.193550e-02,5.431087e-03,9.356809e-03
65,3.047081e-02,8.544214e-03,1.208040e-02
66,2.860354e-02,1.056397e-02,1.100395e-02
67,3.237241e-02,8.507693e-03,1.024629e-02
68,4.240828e-02,1.301200e-02,1.213296e-02
69,3.033797e-02,1.003169e-02,1.121288e-02
70,7.302388e-02,3.036148e-02,1.377037e-02
71,3.578083e-02,9.672121e-03,1.348744e-02
72,2.090588e-02,5.923767e-03,1.138181e-02
73,3.909026e-02,1.474064e-02,1.029043e-02
74,1.673354e-02,4.992818e-03,7.251442e-03
75,2.157913e-02,6.853093e-03,1.012098e-02
76,2.456245e-02,8.789972e-03,8.742013e-03
77,3.748713e-02,7.562898e-03,1.399225e-02
78,3.760744e-02,1.360029e-02,7.787515e-03
79,1.435729e-02,4.628698e-03,6.815042e-03
80,1.975180e-02,6.771513e-03,6.395335e-03
81,4.609516e-02,1.627731e-02,1.041695e-02
82,2.763450e-02,7.820025e-03,8.944812e-03
83,4.018738e-02,1.329247e-02,1.584002e-02
84,2.506288e-02,9.939096e-03,8.202926e-03
85,5.459175e-02,1.753063e-02,1.570599e-02
86,2.334421e-02,9.445157e-03,1.138232e-02
87,6.789056e-02,1.589771e-02,2.508831e-02
88,2.733558e-02,8.602959e-03,1.025432e-02
89,1.921118e-02,7.664126e-03,1.231122e-02
90,2.930237e-02,1.031323e-02,8.591431e-03
91,3.012526e-02,9.086118e-03,1.236223e-02
92,3.994830e-02,1.563116e-02,1.523440e-02
93,2.743593e-02,7.278019e-03,9.722694e-03
94,3.165185e-02,1.296420e-02,6.996225e-03
95,2.576451e-02,9.849560e-03,1.072268e-02
96,5.270236e-02,1.763956e-02,1.159032e-02
97,2.235220e-02,1.043244e-02,7.757033e-03
98,2.854149e-02,7.941225e-03,1.092705e-02
99,3.224266e-02,9.449549e-03,1.139676e-02
100,3.359235e-02,1.269279e-02,9.449386e-03
101,2.305222e-02,8.208856e-03,1.192971e-02
102,2.229452e-02,8.113844e-03,1.409073e-02
103,3.368236e-02,1.219054e-02,1.310544e-02
104,2.456745e-02,8.028990e-03,8.586984e-03
105,3.728271e-02,1.488361e-02,1.279873e-02
106,1.888226e-02,9.232685e-03,6.841095e-03
107,3.306927e-02,9.884642e-03,1.294905e-02
108,2.652192e-02,1.004159e-02,7.016485e-03
109,1.907076e-02,6.101905e-03,9.163062e-03
110,2.757361e-02,1.046979e-02,1.752150e-02
111,2.874120e-02,1.013749e-02,1.565973e-02
112,4.008881e-02,1.240815e-02,1.394222e-02
113,3.190488e-02,1.072377e-02,8.140928e-03
114,3.646252e-02,5.895773e-03,1.670231e-02
115,2.083614e-02,5.980984e-03,1.024789e-02
116,2.984531e-02,1.035832e-02,7.396744e-03
117,1.681144e-02,5.061633e-03,1.023054e-02
118,4.356059e-02,1.353932e-02,1.173536e-02
119,3.978018e-02,1.197516e-02,1.838841e-02
120,2.911156e-02,9.002336e-03,1.259164e-02
121,3.190389e-02,9.879507e-03,1.690457e-02
122,3.937258e-02,1.786503e-02,1.042380e-02
123,2.820994e-02,1.254356e-02,8.191669e-03
124,3.408016e-02,1.054645e-02,1.289752e-02
125,2.506630e-02,6.577310e-03,1.233715e-02
126,4.514858e-02,1.111548e-02,1.516620e-02
127,2.289317e-02,9.590419e-03,1.014507e-02
128,4.524031e-02,1.528674e-02,1.371618e-02
129,4.136084e-02,1.274967e-02,1.257542e-02
130,4.671285e-02,2.100802e-02,1.238845e-02
131,2.891400e-02,1.251242e-02,1.077607e-02
132,1.997696e-02,5.862258e-03,6.823423e-03
133,1.638614e-02,4.087721e-03,8.662767e-03
134,2.146050e-02,6.173203e-03,6.537409e-03
135,3.399087e-02,1.162724e-02,9.478079e-03
136,2.270643e-02,6.277005e-03,8.898173e-03
137,2.139911e-02,7.282326e-03,1.053053e-02
138,3.742229e-02,1.019145e-02,1.498491e-02
139,3.379268e-02,1.341537e-02,9.027675e-03
140,6.070189e-02,2.155470e-02,1.488255e-02
141,4.105681e-02,1.338643e-02,1.063178e-02
142,6.100697e-02,2.882953e-02,1.110332e-02
143,3.219504e-02,1.405846e-02,1.005562e-02
144,3.055495e-02,8.402404e-03,1.015123e-02
145,2.044095e-02,1.190886e-02,1.136527e-02
146,4.868207e-02,1.307870e-02,1.904635e-02
147,2.686074e-02,9.626614e-03,8.539546e-03
148,4.894831e-02,1.154691e-02,2.006442e-02
149,2.708346e-02,7.338269e-03,1.140676e-02
150,4.000392e-02,1.206397e-02,1.153828e-02
151,2.891732e-02,8.190380e-03,1.291368e-02
152,2.389942e-02,5.194117e-03,1.096447e-02
153,2.322735e-02,7.841639e-03,8.440543e-03
154,1.667250e-02,7.223567e-03,7.092908e-03
155,2.024964e-02,3.767175e-03,8.249014e-03
156,2.642588e-02,8.280128e-03,8.434615e-03
157,4.577728e-02,1.239075e-02,1.500175e-02
158,5.351063e-02,1.840958e-02,1.504685e-02
159,3.497831e-02,9.862593e-03,1.258549e-02
160,4.004189e-02,1.446604e-02,1.479600e-02
161,3.044011e-02,1.339565e-02,8.529722e-03
162,3.697502e-02,9.858096e-03,1.466006e-02
163,2.366726e-02,7.306962e-03,6.317464e-03
164,2.850071e-02,7.601495e-03,9.940751e-03
165,3.102032e-02,1.255233e-02,1.187152e-02
166,3.627918e-02,1.072740e-02,1.217588e-02
167,2.639786e-02,1.195962e-02,7.221912e-03
168,2.695523e-02,1.104147e-02,6.145784e-03
169,5.464502e-02,2.319615e-02,1.306328e-02
170,3.899816e-02,1.826751e-02,1.363119e-02
171,4.678300e-02,1.648803e-02,1.302532e-02
172,2.468122e-02,6.948997e-03,9.145703e-03
173,2.331643e-02,6.291446e-03,7.329324e-03
174,3.171465e-02,8.701273e-03,1.103185e-02
175,3.838733e-02,9.040393e-03,1.318755e-02
176,2.182163e-02,8.567205e-03,8.265131e-03
177,2.418106e-02,1.172744e-02,1.290416e-02
178,5.155306e-02,1.418192e-02,1.912659e-02
179,2.428070e-02,7.267669e-03,7.271841e-03
180,2.476930e-02,8.158024e-03,1.256897e-02
181,2.659167e-02,5.123855e-03,1.262764e-02
182,1.739777e-02,4.463700e-03,1.197752e-02
183,3.868322e-02,1.491559e-02,9.865507e-03
184,2.282164e-02,1.034127e-02,6.866400e-03
185,3.540103e-02,1.003758e-02,1.176533e-02
186,3.405514e-02,1.984844e-02,5.860089e-03
187,4.147867e-02,1.376762e-02,1.432709e-02
188,3.324769e-02,1.145913e-02,1.302454e-02
189,4.797995e-02,1.368366e-02,1.857764e-02
190,4.277077e-02,1.895779e-02,1.358464e-02
191,6.070491e-02,1.991984e-02,1.315104e-02
192,3.238383e-02,7.951259e-03,1.254498e-02
193,1.924006e-02,1.107497e-02,6.586972e-03
194,3.240445e-02,6.802502e-03,1.287197e-02
195,3.379407e-02,1.199909e-02,9.411686e-03
196,5.351460e-02,2.808804e-02,1.908019e-02
197,5.764606e-02,1.368629e-02,2.343874e-02
198,2.004123e-02,7.385206e-03,6.768327e-03
199,8.754941e-03,1.634264e-03,5.949970e-03
200,3.445457e-02,6.518867e-03,1.536684e-02
201,6.990019e-02,2.647610e-02,1.570044e-02
202,2.817550e-02,1.047568e-02,7.987025e-03
203,2.168722e-02,7.702227e-03,9.276130e-03
204,3.041412e-02,6.784834e-03,1.286686e-02
205,3.193568e-02,7.824421e-03,1.245286e-02
206,1.816622e-02,7.197045e-03,1.075732e-02
207,3.340246e-02,1.208063e-02,1.047237e-02
208,3.464089e-02,1.398715e-02,8.047913e-03
209,4.177398e-02,1.332095e-02,1.377817e-02
210,3.951610e-02,1.031624e-02,1.443991e-02
211,2.492313e-02,7.302313e-03,8.083525e-03
212,3.031394e-02,9.300456e-03,9.457223e-03
213,3.555657e-02,9.026481e-03,1.457415e-02
214,3.279421e-02,1.391253e-02,1.040279e-02
215,2.724609e-02,6.124016e-03,1.257620e-02
216,5.018621e-02,1.332916e-02,1.467156e-02
217,5.173765e-02,1.363987e-02,1.721749e-02
218,4.130200e-02,1.144120e-02,1.303758e-02
219,3.829688e-02,1.108486e-02,1.399970e-02
220,2.933115e-02,1.585296e-02,1.899253e-02
221,2.289456e-02,4.522374e-03,1.224507e-02
222,4.273088e-02,1.626402e-02,1.434475e-02
223,3.788294e-02,7.931293e-03,1.327845e-02
224,2.712384e-02,6.588506e-03,1.039103e-02
225,2.801887e-02,7.632460e-03,1.179565e-02
226,3.647917e-02,9.573634e-03,1.365322e-02
227,2.787020e-02,7.747622e-03,9.615968e-03
228,3.878072e-02,1.474381e-02,8.976385e-03
229,2.937623e-02,8.155710e-03,9.988967e-03
230,2.423530e-02,1.005334e-02,1.448031e-02
231,4.598681e-02,1.631656e-02,1.330060e-02
232,3.867478e-02,1.763141e-02,9.761234e-03
233,2.573735e-02,6.317500e-03,1.481116e-02
234,1.082183e-02,6.267498e-03,1.051909e-02
235,2.735908e-02,5.497335e-03,1.350708e-02
236,1.883933e-02,6.708185e-03,6.610887e-03
237,3.404118e-02,1.498651e-02,1.649111e-02
238,4.015514e-02,1.423232e-02,9.646830e-03
239,2.982244e-02,9.369415e-03,1.040185e-02
240,2.966724e-02,1.012969e-02,1.559585e-02
241,4.601928e-02,1.619010e-02,1.135973e-02
242,2.475465e-02,4.273636e-03,1.256280e-02
243,4.039935e-02,1.157152e-02,1.260631e-02
244,5.903593e-02,1.624414e-02,2.099764e-02
245,2.272614e-02,7.934838e-03,8.948475e-03
246,2.889848e-02,7.620435e-03,1.056426e-02
247,3.224606e-02,6.466864e-03,1.503841e-02
248,3.807380e-02,9.002466e-03,1.418467e-02
249,2.881759e-02,8.787481e-03,8.941151e-03
250,2.769863e-02,8.019591e-03,1.241083e-02
251,2.436661e-02,1.210579e-02,8.846623e-03
252,2.846688e-02,8.542113e-03,1.108937e-02
253,6.970667e-02,2.960916e-02,1.880081e-02
254,4.525579e-02,8.520258e-03,1.858108e-02
255,5.671194e-02,1.737991e-02,1.838375e-02
256,4.058324e-02,1.236292e-02,1.292600e-02
257,3.124631e-02,9.184792e-03,8.870823e-03
258,2.459226e-02,1.006628e-02,9.150444e-03
259,4.127876e-02,1.619118e-02,1.082892e-02
260,3.793163e-02,1.497911e-02,1.634740e-02
261,3.991904e-02,1.417391e-02,1.168767e-02
262,4.240544e-02,1.627399e-02,1.566187e-02
263,1.705539e-02,6.300177e-03,8.830937e-03
264,2.083702e-02,7.010802e-03,9.043822e-03
265,4.383795e-02,1.357198e-02,1.334046e-02
266,1.839226e-02,7.361668e-03,7.105175e-03
267,3.524465e-02,1.328917e-02,1.094617e-02
268,3.096210e-02,9.991501e-03,1.236717e-02
269,4.862406e-02,1.369093e-02,1.642477e-02
270,4.753445e-02,1.652333e-02,1.774608e-02
271,2.412403e-02,1.046129e-02,1.290342e-02
272,2.313487e-02,1.188412e-02,1.146493e-02
273,2.155475e-02,8.601403e-03,8.925777e-03
274,4.808344e-02,1.299855e-02,1.721377e-02
275,2.190565e-02,5.479288e-03,8.923316e-03
276,2.523916e-02,1.354955e-02,1.395562e-02
277,3.531418e-02,9.139712e-03,1.383885e-02
278,2.554832e-02,7.211368e-03,8.883481e-03
279,2.005660e-02,1.201939e-02,1.483508e-02
280,4.383030e-02,1.550155e-02,1.376114e-02
281,3.043677e-02,8.312185e-03,9.985347e-03
282,3.298363e-02,1.386026e-02,1.300909e-02
283,3.232640e-02,1.463655e-02,1.088111e-02
284,5.971789e-02,2.352029e-02,1.593761e-02
285,3.084896e-02,1.009214e-02,1.409617e-02
286,5.625259e-02,1.857648e-02,1.852636e-02
287,2.742036e-02,1.201866e-02,1.212278e-02
288,2.605046e-02,9.774837e-03,9.343749e-03
289,4.187853e-02,9.756184e-03,1.535431e-02
290,3.607221e-02,1.453921e-02,9.878442e-03
291,2.347032e-02,6.199375e-03,9.820632e-03
292,3.074674e-02,1.576445e-02,7.053904e-03
293,1.495395e-02,5.804548e-03,6.866573e-03
294,3.077715e-02,1.306346e-02,8.478663e-03
295,5.265700e-02,1.716742e-02,1.714291e-02
296,1.352501e-02,4.824632e-03,7.283584e-03
297,1.367986e-02,3.908941e-03,4.668309e-03
298,3.798057e-02,1.048506e-02,1.548899e-02
299,4.165730e-02,1.452753e-02,1.370389e-02
300,1.791016e-02,7.152061e-03,6.186564e-03
301,3.421369e-02,9.354388e-03,1.167447e-02
302,4.079795e-02,1.499180e-02,1.615319e-02
303,6.047235e-02,1.622978e-02,1.792587e-02
304,2.625778e-02,1.035668e-02,9.314172e-03
305,3.186813e-02,1.565670e-02,1.480590e-02
306,2.063597e-02,6.121035e-03,7.718900e-03
307,2.576624e-02,1.093727e-02,7.244250e-03
308,1.472122e-02,5.961204e-03,7.960862e-03
309,1.767999e-02,4.059080e-03,9.890091e-03
310,3.826816e-02,1.111146e-02,1.150009e-02
311,3.974240e-02,1.014861e-02,1.266981e-02
312,2.638896e-02,4.469989e-03,1.217103e-02
313,2.394410e-02,8.113668e-03,8.352288e-03
314,2.477275e-02,8.282939e-03,6.877649e-03
315,3.120739e-02,7.892345e-03,1.202585e-02
316,2.185765e-02,6.051965e-03,9.511308e-03
317,2.957964e-02,8.584832e-03,1.485020e-02
318,5.883758e-02,2.539263e-02,1.524623e-02
319,3.009762e-02,1.307077e-02,7.722141e-03
320,2.934555e-02,1.350597e-02,6.233924e-03
321,5.847698e-02,2.155644e-02,1.422672e-02
322,2.742424e-02,7.042544e-03,1.102840e-02
323,2.204140e-02,7.273961e-03,1.150842e-02
324,1.845982e-02,5.593583e-03,7.501937e-03
325,4.659500e-02,1.907318e-02,1.282461e-02
326,2.038313e-02,4.988763e-03,7.907008e-03
327,3.385221e-02,1.136866e-02,8.531487e-03
328,1.735292e-02,8.564179e-03,1.110718e-02
329,4.176300e-02,9.705946e-03,1.943950e-02
330,2.550926e-02,1.200532e-02,1.826758e-02
331,2.857077e-02,1.112279e-02,6.821153e-03
332,3.444100e-02,1.124504e-02,1.422756e-02
333,2.395776e-02,7.376935e-03,7.800557e-03
334,3.859798e-02,1.905141e-02,9.024334e-03
335,1.646540e-02,7.266375e-03,1.029975e-02
336,1.733257e-02,6.069940e-03,5.587616e-03
337,2.585673e-02,8.916646e-03,1.322913e-02
338,1.954684e-02,5.521861e-03,1.014474e-02
339,2.454129e-02,7.125621e-03,1.330233e-02
340,2.935166e-02,7.357186e-03,8.955465e-03
341,3.577573e-02,9.587577e-03,1.465336e-02
342,3.625665e-02,7.971102e-03,1.435642e-02
343,3.783057e-02,1.149080e-02,1.145376e-02
344,3.542271e-02,1.513337e-02,1.545282e-02
345,3.356619e-02,1.265587e-02,1.568385e-02
346,4.368947e-02,1.429450e-02,1.656273e-02
347,2.594696e-02,1.086625e-02,1.584858e-02
348,3.455069e-02,1.062989e-02,1.144052e-02
349,3.413488e-02,8.079169e-03,1.433965e-02
350,2.850099e-02,6.432967e-03,1.252688e-02
351,2.436381e-02,9.769295e-03,8.744353e-03
352,2.263391e-02,9.147347e-03,1.010512e-02
353,3.800006e-02,9.408874e-03,1.599674e-02
354,5.160892e-02,1.587929e-02,1.503850e-02
355,3.084286e-02,6.372733e-03,1.355256e-02
356,3.003350e-02,1.074235e-02,1.450980e-02
357,2.960845e-02,1.295769e-02,7.898860e-03
358,1.671075e-02,1.023466e-02,5.532371e-03
359,5.025427e-02,1.664897e-02,1.391019e-02
360,1.710380e-02,3.317781e-03,1.277447e-02
361,4.266315e-02,1.024205e-02,1.457577e-02
362,4.215049e-02,1.496499e-02,1.268681e-02
363,1.784129e-02,5.862864e-03,7.195471e-03
364,3.955441e-02,9.591164e-03,1.496429e-02
365,3.991072e-02,1.085787e-02,1.759999e-02
366,3.358641e-02,9.619450e-03,1.264864e-02
367,2.853356e-02,5.269705e-03,1.355613e-02
368,3.757698e-02,1.690787e-02,2.081518e-02
369,3.539514e-02,1.570407e-02,6.145018e-03
370,3.437831e-02,1.828419e-02,1.064139e-02
371,4.300406e-02,9.864809e-03,1.789289e-02
372,4.393919e-02,1.800097e-02,1.213306e-02
373,3.703251e-02,1.380153e-02,1.344080e-02
374,3.023782e-02,1.304868e-02,9.295819e-03
375,4.919984e-02,1.534885e-02,1.386781e-02
376,3.763664e-02,1.764786e-02,1.358155e-02
377,4.918468e-02,2.696543e-02,1.073780e-02
378,6.469232e-02,3.359512e-02,1.362165e-02
379,2.770334e-02,1.449629e-02,9.114751e-03
380,3.891400e-02,1.364240e-02,1.598618e-02
381,5.259601e-02,2.340845e-02,8.955462e-03
382,3.494692e-02,9.533768e-03,1.026215e-02
383,3.868200e-02,1.535855e-02,1.336554e-02
384,2.713842e-02,8.874395e-03,1.361970e-02
385,2.323497e-02,6.593867e-03,8.969133e-03
386,1.520232e-02,3.467015e-03,9.160885e-03
387,2.131798e-02,5.037230e-03,1.232688e-02
388,3.398556e-02,8.590411e-03,1.229474e-02
389,3.767779e-02,1.123624e-02,1.324819e-02
390,3.620511e-02,1.121353e-02,1.291544e-02
391,2.974735e-02,1.036374e-02,1.225252e-02
392,2.866116e-02,9.004550e-03,1.209401e-02
393,3.064639e-02,5.018170e-03,1.359969e-02
394,1.585945e-02,4.024094e-03,5.540639e-03
395,3.767336e-02,9.157746e-03,1.289619e-02
396,2.261463e-02,4.785953e-03,1.232044e-02
397,3.338535e-02,9.185351e-03,1.452011e-02
398,1.525940e-02,5.822183e-03,4.169975e-03
399,4.288753e-02,1.517238e-02,9.670013e-03
400,2.759991e-02,7.950017e-03,1.087126e-02
401,3.114559e-02,6.739089e-03,1.720191e-02
402,4.938267e-02,1.466011e-02,1.503001e-02
403,1.898752e-02,5.501051e-03,7.369819e-03
404,2.923632e-02,1.112202e-02,8.261391e-03
405,2.150922e-02,5.148971e-03,1.392021e-02
406,3.611901e-02,9.293432e-03,1.243669e-02
407,3.307396e-02,9.813231e-03,1.090083e-02
408,2.680857e-02,1.221335e-02,9.031228e-03
409,4.880707e-02,2.653151e-02,1.122639e-02
410,3.207336e-02,1.374484e-02,1.001105e-02
411,3.374486e-02,1.139569e-02,8.526061e-03
412,4.731131e-02,1.446696e-02,1.685252e-02
413,4.407601e-02,1.197283e-02,1.309850e-02
414,5.127436e-02,1.188619e-02,1.678880e-02
415,2.886416e-02,7.521868e-03,1.030781e-02
416,3.276221e-02,7.078025e-03,1.337869e-02
417,2.687587e-02,7.873144e-03,9.661695e-03
418,3.663592e-02,1.508216e-02,1.583108e-02
419,3.192428e-02,1.162627e-02,1.214502e-02
420,2.185828e-02,7.850986e-03,8.197205e-03
421,3.720619e-02,8.296679e-03,1.889769e-02
422,3.574524e-02,1.856139e-02,1.025776e-02
423,2.157995e-02,1.047079e-02,1.181586e-02
424,5.192470e-02,1.710577e-02,1.343597e-02
425,3.724924e-02,1.425403e-02,1.024637e-02
426,2.991836e-02,6.908994e-03,1.339055e-02
427,3.417435e-02,1.494355e-02,1.073278e-02
428,3.404135e-02,8.006460e-03,1.715304e-02
429,5.264920e-02,2.235266e-02,1.230021e-02
430,2.565602e-02,1.288261e-02,8.594211e-03
431,3.072393e-02,1.299659e-02,8.945447e-03
432,3.901684e-02,8.426660e-03,1.649416e-02
433,3.543106e-02,8.889729e-03,1.761458e-02
434,2.042201e-02,2.299369e-03,1.328446e-02
435,2.690284e-02,7.060058e-03,1.005176e-02
436,4.838530e-02,1.789085e-02,1.455319e-02
437,3.638742e-02,1.685337e-02,9.500007e-03
438,3.754404e-02,1.075837e-02,1.396559e-02
439,2.900358e-02,9.181988e-03,8.753374e-03
440,2.955282e-02,9.339637e-03,1.369225e-02
441,3.613588e-02,1.084012e-02,1.089808e-02
442,3.858533e-02,1.194723e-02,1.112437e-02
443,3.933811e-02,1.521290e-02,1.699903e-02
444,1.560438e-02,3.955550e-03,6.294990e-03
445,3.454211e-02,1.365262e-02,8.157219e-03
446,1.555901e-02,7.382782e-03,1.100071e-02
447,3.594067e-02,9.025577e-03,1.268773e-02
448,3.236566e-02,1.033928e-02,1.769835e-02
449,2.483631e-02,9.759639e-03,5.391748e-03
450,3.061842e-02,5.157742e-03,1.531340e-02
451,3.144781e-02,9.335645e-03,1.431226e-02
452,4.416107e-02,2.135332e-02,1.315012e-02
453,2.957914e-02,9.633331e-03,1.095241e-02
454,3.752930e-02,7.897750e-03,1.462400e-02
455,2.703142e-02,5.374665e-03,1.379798e-02
456,2.053663e-02,4.751696e-03,8.584910e-03
457,4.782120e-02,1.170808e-02,1.711071e-02
458,2.021184e-02,7.701135e-03,1.473192e-02
459,1.841433e-02,4.974575e-03,6.457447e-03
460,2.645309e-02,5.207221e-03,1.056036e-02
461,3.429087e-02,1.466797e-02,8.496070e-03
462,4.136047e-02,1.660181e-02,9.974548e-03
463,3.151262e-02,1.001058e-02,1.713307e-02
464,3.446482e-02,1.441487e-02,1.008922e-02
465,2.889302e-02,1.021869e-02,8.972907e-03
466,4.953940e-02,1.876055e-02,1.427831e-02
467,1.505382e-02,2.758448e-03,6.304151e-03
468,5.682980e-02,1.941504e-02,2.017318e-02
469,2.077232e-02,5.174803e-03,7.632699e-03
470,3.468711e-02,1.603626e-02,1.408004e-02
471,2.659619e-02,8.284617e-03,7.775964e-03
472,4.443557e-02,1.535862e-02,1.100289e-02
473,2.469382e-02,7.097740e-03,1.118042e-02
474,5.972491e-02,1.497792e-02,2.178061e-02
475,1.262938e-02,1.060643e-02,1.037733e-02
476,3.291339e-02,5.598468e-03,1.479631e-02
477,2.061062e-02,7.416400e-03,8.825689e-03
478,5.141002e-02,1.793854e-02,1.330370e-02
479,2.791922e-02,9.023570e-03,1.330807e-02
480,3.411367e-02,1.095841e-02,1.712984e-02
481,3.517623e-02,1.687331e-02,5.472922e-03
482,3.507478e-02,1.389654e-02,9.654775e-03
483,2.396074e-02,9.962822e-03,8.738774e-03
484,3.409784e-02,1.366559e-02,1.006993e-02
485,2.906752e-02,1.742976e-02,1.311271e-02
486,1.926492e-02,4.255653e-03,9.366541e-03
487,2.857350e-02,5.854543e-03,1.666831e-02
488,2.707848e-02,1.116891e-02,1.060727e-02
489,3.172212e-02,8.773041e-03,1.163201e-02
490,2.140613e-02,4.865704e-03,1.153504e-02
491,4.537063e-02,1.549850e-02,1.327739e-02
492,2.682138e-02,1.672784e-02,8.033905e-03
493,2.430691e-02,1.019067e-02,1.285888e-02
494,2.391913e-02,3.992760e-03,1.000861e-02
495,3.729226e-02,9.857374e-03,1.745211e-02
496,2.260920e-02,1.397780e-02,7.863148e-03
497,1.931863e-02,9.319234e-03,1.003583e-02
498,2.450014e-02,9.042107e-03,1.070789e-02
499,3.236427e-02,1.316048e-02,1.021315e-02
500,3.187363e-02,1.494600e-02,1.209281e-02
501,2.950722e-02,9.153875e-03,1.483893e-02
502,2.765305e-02,9.737475e-03,7.722392e-03
503,3.780693e-02,1.481796e-02,1.395240e-02
504,6.705019e-02,2.526586e-02,1.996307e-02
505,2.243485e-02,7.403266e-03,8.034330e-03
506,4.267811e-02,1.768764e-02,9.538734e-03
507,3.304813e-02,9.360661e-03,1.720644e-02
508,3.351867e-02,6.169193e-03,1.572078e-02
509,3.467631e-02,1.336272e-02,1.397752e-02
510,3.122396e-02,1.211785e-02,1.091562e-02
511,4.834570e-02,1.562383e-02,1.763534e-02
512,4.152429e-02,1.444868e-02,1.184247e-02
513,2.360030e-02,9.288178e-03,6.338028e-03
514,3.613047e-02,1.145685e-02,9.336582e-03
515,4.270015e-02,1.500433e-02,1.191273e-02
516,3.232245e-02,1.086754e-02,1.226876e-02
517,3.510268e-02,1.293948e-02,1.056132e-02
518,3.270505e-02,1.362384e-02,9.569499e-03
519,1.779503e-02,4.870270e-03,6.757921e-03
520,4.659010e-02,1.179833e-02,1.991558e-02
521,3.528113e-02,1.154329e-02,1.157555e-02
522,2.637160e-02,1.108291e-02,8.676531e-03
523,2.012085e-02,9.527289e-03,1.081293e-02
524,3.006527e-02,8.839226e-03,9.762390e-03
525,2.708155e-02,1.027008e-02,1.279587e-02
526,2.792417e-02,9.438004e-03,9.777354e-03
527,2.168584e-02,6.756028e-03,9.800975e-03
528,2.972569e-02,1.032588e-02,1.044293e-02
529,4.486022e-02,1.810507e-02,8.849025e-03
530,3.424795e-02,9.604992e-03,9.936146e-03
531,5.227712e-02,1.994444e-02,1.793703e-02
532,4.429714e-02,1.800188e-02,1.008698e-02
533,3.834041e-02,1.517264e-02,1.304607e-02
534,1.653044e-02,8.718317e-03,1.156532e-02
535,3.542773e-02,1.591202e-02,1.579633e-02
536,3.944142e-02,1.063694e-02,1.513479e-02
537,2.353380e-02,3.995237e-03,1.435127e-02
538,3.338832e-02,9.366008e-03,1.635747e-02
539,2.641387e-02,7.776982e-03,8.196634e-03
540,3.087635e-02,1.211909e-02,1.073870e-02
541,1.817671e-02,6.567198e-03,8.228284e-03
542,2.147978e-02,6.273799e-03,7.128992e-03
543,3.204579e-02,1.216635e-02,1.169541e-02
544,3.829455e-02,9.656976e-03,1.472407e-02
545,2.493541e-02,9.937998e-03,8.951063e-03
546,2.726657e-02,5.757599e-03,1.322268e-02
547,5.693256e-02,2.574829e-02,1.002586e-02
548,3.113286e-02,8.307212e-03,1.037877e-02
549,2.405534e-02,7.909221e-03,1.126247e-02
550,5.038351e-02,2.385268e-02,1.050785e-02
551,4.120820e-02,1.170979e-02,1.594543e-02
552,2.141828e-02,7.945848e-03,1.255360e-02
553,3.917940e-02,1.379049e-02,1.010026e-02
554,1.355621e-02,4.592436e-03,6.941703e-03
555,2.660026e-02,6.954521e-03,9.760990e-03
556,4.613095e-02,1.815433e-02,1.683567e-02
557,2.054959e-02,6.165706e-03,8.345028e-03
558,4.416030e-02,1.312608e-02,1.267613e-02
559,3.345377e-02,9.450537e-03,1.114217e-02
560,2.648206e-02,1.098000e-02,1.136563e-02
561,4.344091e-02,1.319208e-02,2.225512e-02
562,2.390878e-02,9.506537e-03,1.099711e-02
563,3.212841e-02,1.203874e-02,8.310318e-03
564,2.945888e-02,1.084345e-02,9.741992e-03
565,2.121462e-02,8.885065e-03,1.337440e-02
566,3.275163e-02,9.256792e-03,1.346880e-02
567,5.382674e-02,2.182462e-02,1.241892e-02
568,2.412116e-02,5.132486e-03,1.088707e-02
569,1.787081e-02,6.285452e-03,5.678979e-03
570,1.945307e-02,6.377151e-03,5.789608e-03
571,4.002348e-02,1.516872e-02,9.187829e-03
572,5.304105e-02,1.478613e-02,1.492629e-02
573,3.038182e-02,1.294236e-02,1.550216e-02
574,3.558776e-02,1.019850e-02,1.243657e-02
575,4.425200e-02,1.854072e-02,1.130661e-02
576,3.639180e-02,1.026979e-02,1.511889e-02
577,2.866448e-02,6.458942e-03,1.158424e-02
578,2.399376e-02,8.904626e-03,5.380757e-03
579,3.488961e-02,1.065159e-02,9.570582e-03
580,2.626677e-02,8.528981e-03,6.552437e-03
581,1.861405e-02,7.190600e-03,8.713139e-03
582,3.057760e-02,8.534764e-03,1.199673e-02
583,3.314929e-02,1.253894e-02,9.610839e-03
584,1.743643e-02,6.738482e-03,9.375044e-03
585,3.126009e-02,1.649376e-02,9.105069e-03
586,3.136225e-02,1.690115e-02,9.052294e-03
587,2.721480e-02,9.253648e-03,1.566660e-02
588,1.917908e-02,7.600280e-03,4.317223e-03
589,2.285560e-02,1.320514e-02,6.916297e-03
590,1.383085e-02,5.811945e-03,5.392935e-03
591,2.600662e-02,7.683399e-03,7.453512e-03
592,5.690047e-02,2.612916e-02,1.152304e-02
593,3.078262e-02,9.297285e-03,1.453424e-02
594,2.681158e-02,1.492603e-02,1.401819e-02
595,2.269230e-02,4.092729e-03,1.089087e-02
596,3.046836e-02,1.209901e-02,1.049081e-02
597,3.724752e-02,1.385043e-02,1.200608e-02
598,3.419795e-02,1.306162e-02,8.023910e-03
599,1.883742e-02,1.273482e-02,1.228681e-02
600,2.170765e-02,7.902675e-03,7.882441e-03
601,3.535710e-02,1.361412e-02,1.169970e-02
602,3.605208e-02,1.426609e-02,6.997526e-03
603,4.099858e-02,1.572030e-02,9.468598e-03
604,2.884780e-02,7.141380e-03,1.600363e-02
605,2.626852e-02,8.531469e-03,8.934048e-03
606,2.511915e-02,9.896532e-03,6.553790e-03
607,1.893933e-02,4.533187e-03,7.079254e-03
608,5.181343e-02,1.799050e-02,1.573324e-02
609,5.381211e-02,1.960112e-02,1.432521e-02
610,3.291326e-02,1.068983e-02,8.918095e-03
611,4.271539e-02,1.438575e-02,1.910101e-02
612,2.027338e-02,8.168061e-03,6.682504e-03
613,3.608402e-02,1.154503e-02,1.334428e-02
614,2.611045e-02,4.503255e-03,1.148036e-02
615,5.457270e-02,1.588722e-02,1.744060e-02
616,3.255598e-02,1.397306e-02,6.860941e-03
617,2.187222e-02,5.087150e-03,1.002193e-02
618,2.719870e-02,1.219357e-02,1.467018e-02
619,4.000754e-02,1.456915e-02,1.111539e-02
620,4.332730e-02,1.840174e-02,2.038394e-02
621,3.809595e-02,1.098513e-02,1.468016e-02
622,2.814137e-02,1.202722e-02,6.179269e-03
623,4.676598e-02,1.672348e-02,1.103273e-02
624,2.775860e-02,9.300417e-03,8.484763e-03
625,2.763608e-02,7.502561e-03,1.410338e-02
626,5.175427e-02,1.853214e-02,1.194639e-02
627,3.727443e-02,2.190285e-02,1.222856e-02
628,6.944511e-02,2.654583e-02,1.462415e-02
629,2.847681e-02,1.497012e-02,1.250961e-02
630,2.187102e-02,6.877242e-03,8.962496e-03
631,4.173905e-02,1.796799e-02,1.221257e-02
632,4.798429e-02,1.452594e-02,1.597961e-02
633,4.726942e-02,9.416701e-03,1.769417e-02
634,2.684396e-02,1.186059e-02,1.302173e-02
635,2.790542e-02,6.653465e-03,1.062995e-02
636,1.471877e-02,4.096387e-03,4.835705e-03
637,2.062254e-02,6.839906e-03,1.147107e-02
638,4.802930e-02,1.578655e-02,1.617036e-02
639,2.121611e-02,9.106710e-03,8.703280e-03
640,3.201628e-02,1.556982e-02,8.077884e-03
641,2.312088e-02,6.257826e-03,1.097120e-02
642,3.480743e-02,9.676421e-03,1.165946e-02
643,4.438951e-02,1.588632e-02,1.036230e-02
644,2.738742e-02,7.640626e-03,8.625512e-03
645,2.492872e-02,4.737547e-03,1.099936e-02
646,4.656651e-02,1.441490e-02,1.454837e-02
647,2.483422e-02,9.221296e-03,9.051369e-03
648,2.154065e-02,4.190929e-03,9.112512e-03
649,3.295449e-02,1.146266e-02,9.795207e-03
650,3.187406e-02,1.513252e-02,8.747408e-03
651,3.848785e-02,1.290693e-02,1.404112e-02
652,4.664831e-02,1.626178e-02,1.675105e-02
653,2.250479e-02,1.255595e-02,7.854933e-03
654,3.518719e-02,2.007133e-02,1.365612e-02
655,5.867315e-02,2.549881e-02,1.394446e-02
656,3.093356e-02,1.350909e-02,1.651156e-02
657,3.183429e-02,1.252568e-02,1.416594e-02
658,3.244373e-02,1.222174e-02,1.405239e-02
659,3.857385e-02,1.207183e-02,1.662479e-02
660,2.266741e-02,8.043274e-03,7.546331e-03
661,2.813462e-02,1.325141e-02,6.830041e-03
662,3.045875e-02,1.087590e-02,1.698503e-02
663,1.949406e-02,7.665417e-03,7.024226e-03
664,3.427003e-02,8.788266e-03,1.306855e-02
665,2.387360e-02,7.145238e-03,8.011831e-03
666,1.917008e-02,5.364853e-03,1.202839e-02
667,2.790489e-02,1.135061e-02,8.892435e-03
668,4.039529e-02,1.221543e-02,1.300321e-02
669,2.882362e-02,1.388501e-02,5.217016e-03
670,3.435288e-02,1.517300e-02,1.355501e-02
671,1.119279e-02,6.529596e-03,6.666926e-03
672,4.540474e-02,1.388159e-02,1.257778e-02
673,5.159462e-02,1.447628e-02,1.630459e-02
674,3.108160e-02,1.098753e-02,1.470832e-02
675,3.609159e-02,1.206755e-02,8.874216e-03
676,3.937555e-02,1.187007e-02,1.306175e-02
677,4.435436e-02,1.522087e-02,1.270821e-02
678,2.905265e-02,1.417088e-02,9.166978e-03
679,2.942889e-02,9.040687e-03,9.686062e-03
680,2.724357e-02,1.077766e-02,8.386402e-03
681,5.963356e-02,1.638355e-02,1.763678e-02
682,2.677151e-02,1.085779e-02,1.196174e-02
683,2.746634e-02,8.116135e-03,1.680599e-02
684,2.495164e-02,9.273683e-03,1.110834e-02
685,2.921302e-02,8.291807e-03,1.273352e-02
686,2.088620e-02,6.968636e-03,7.951037e-03
687,1.847752e-02,9.533097e-03,8.128862e-03
688,3.809839e-02,1.105932e-02,1.687794e-02
689,2.735810e-02,1.159686e-02,1.139493e-02
690,2.965758e-02,1.183292e-02,7.359997e-03
691,1.818341e-02,5.327844e-03,8.481723e-03
692,3.954964e-02,1.600192e-02,1.646259e-02
693,1.426680e-02,5.333072e-03,8.120627e-03
694,1.469130e-02,6.482616e-03,7.998582e-03
695,1.811190e-02,8.400729e-03,5.451825e-03
696,2.338592e-02,1.058922e-02,9.111025e-03
697,2.553062e-02,8.729675e-03,8.113315e-03
698,6.389978e-02,2.005958e-02,2.346111e-02
699,3.073330e-02,1.260996e-02,1.076736e-02
700,2.730286e-02,1.230072e-02,1.001463e-02
701,4.246552e-02,7.984070e-03,1.839257e-02
702,2.037815e-02,7.585148e-03,8.030635e-03
703,2.204365e-02,6.945711e-03,7.462419e-03
704,2.839394e-02,1.539795e-02,1.398819e-02
705,5.408292e-02,1.862290e-02,1.637316e-02
706,2.118422e-02,9.103088e-03,1.218732e-02
707,2.638530e-02,9.517841e-03,1.587479e-02
708,1.335782e-02,6.895268e-03,8.906567e-03
709,3.917881e-02,1.437362e-02,1.097658e-02
710,2.617745e-02,4.205709e-03,1.430803e-02
711,2.371094e-02,6.167479e-03,9.539149e-03
712,1.582411e-02,5.932150e-03,7.921726e-03
713,3.409205e-02,9.427334e-03,1.517860e-02
714,4.842946e-02,1.689928e-02,1.650541e-02
715,2.676044e-02,1.324947e-02,8.309224e-03
716,3.584070e-02,1.086969e-02,1.088662e-02
717,4.513321e-02,1.463656e-02,1.240752e-02
718,6.894483e-02,2.591930e-02,1.979209e-02
719,3.590181e-02,9.406940e-03,1.178469e-02
720,2.857855e-02,9.369153e-03,9.574236e-03
721,2.129227e-02,1.489070e-02,5.423366e-03
722,3.391605e-02,9.738221e-03,1.042722e-02
723,3.629999e-02,1.162311e-02,1.058060e-02
724,1.856921e-02,5.546398e-03,8.388204e-03
725,3.098215e-02,8.810228e-03,1.680499e-02
726,3.937791e-02,1.196855e-02,1.241910e-02
727,5.958691e-02,2.024992e-02,1.545560e-02
728,2.763506e-02,8.439567e-03,8.921207e-03
729,3.133899e-02,9.798196e-03,1.207361e-02
730,2.489414e-02,6.312909e-03,1.082696e-02
731,2.461731e-02,6.139106e-03,1.132850e-02
732,5.057630e-02,1.510584e-02,1.368854e-02
733,3.105314e-02,8.099588e-03,1.424070e-02
734,1.928361e-02,6.696316e-03,7.735335e-03
735,4.613329e-02,1.302358e-02,1.396116e-02
736,5.257021e-02,2.075308e-02,1.310222e-02
737,4.301313e-02,1.274756e-02,1.492623e-02
738,2.155901e-02,3.982542e-03,1.503060e-02
739,1.679503e-02,7.220838e-03,1.021267e-02
740,3.741214e-02,1.674758e-02,9.243398e-03
741,4.361732e-02,1.822245e-02,1.664910e-02
742,1.093866e-02,3.691381e-03,5.499293e-03
743,2.024871e-02,7.808376e-03,4.246282e-03
744,5.010743e-02,1.451002e-02,2.259694e-02
745,4.436397e-02,1.420735e-02,1.121076e-02
746,4.260611e-02,1.553917e-02,1.828071e-02
747,5.084096e-02,1.488315e-02,1.526792e-02
748,3.811201e-02,1.333183e-02,1.496394e-02
749,4.183656e-02,1.042427e-02,1.545394e-02
750,9.721786e-03,5.565510e-03,1.174368e-02
751,6.844468e-02,2.663830e-02,1.590041e-02
752,4.362065e-02,1.634961e-02,1.481986e-02
753,2.107647e-02,6.968770e-03,9.613588e-03
754,3.508242e-02,8.445985e-03,1.446710e-02
755,3.731072e-02,1.440218e-02,1.268478e-02
756,1.777084e-02,4.032347e-03,9.753190e-03
757,5.402499e-02,1.712458e-02,1.679208e-02
758,6.233098e-02,2.669222e-02,1.200287e-02
759,3.536537e-02,1.728868e-02,6.296996e-03
760,2.331236e-02,9.050239e-03,9.884918e-03
761,2.148388e-02,6.894967e-03,1.083638e-02
762,4.254675e-02,1.356328e-02,1.094260e-02
763,3.425762e-02,1.047950e-02,1.098925e-02
764,2.264184e-02,7.732928e-03,7.939730e-03
765,3.924551e-02,1.501439e-02,1.145915e-02
766,2.424170e-02,1.106133e-02,1.262564e-02
767,4.861250e-02,1.697999e-02,1.369483e-02
768,2.235219e-02,1.015236e-02,9.312353e-03
769,3.366667e-02,1.262912e-02,1.426423e-02
770,3.777791e-02,8.432684e-03,1.430051e-02
771,4.464797e-02,1.425244e-02,1.513533e-02
772,3.321332e-02,9.971649e-03,1.664979e-02
773,2.759133e-02,6.451560e-03,1.074253e-02
774,2.969844e-02,8.483123e-03,1.112591e-02
775,3.994182e-02,1.045585e-02,1.390865e-02
776,3.010686e-02,6.134863e-03,1.650513e-02
777,5.021512e-02,2.142116e-02,9.402368e-03
778,1.613405e-02,8.866806e-03,1.246240e-02
779,2.376959e-02,1.029532e-02,1.009063e-02
780,3.820148e-02,1.236491e-02,1.484201e-02
781,2.628017e-02,8.449188e-03,1.382504e-02
782,4.643272e-02,1.732975e-02,1.130817e-02
783,4.253660e-02,1.405076e-02,1.200093e-02
784,3.064614e-02,6.490233e-03,1.277915e-02
785,2.228216e-02,8.703461e-03,7.515914e-03
786,2.166970e-02,6.914697e-03,1.060527e-02
787,2.747916e-02,1.405670e-02,8.764304e-03
788,3.058965e-02,4.718897e-03,1.488364e-02
789,2.572764e-02,1.079665e-02,1.046432e-02
790,2.907514e-02,1.252784e-02,9.803902e-03
791,5.001546e-02,2.147554e-02,9.377447e-03
792,3.216113e-02,7.919524e-03,1.339372e-02
793,3.820323e-02,1.332072e-02,1.380807e-02
794,3.311792e-02,6.406063e-03,1.399668e-02
795,4.415920e-02,1.321673e-02,1.257994e-02
796,3.921381e-02,1.702252e-02,1.029925e-02
797,5.334562e-02,2.427227e-02,1.070819e-02
798,2.907727e-02,1.012748e-02,9.858623e-03
799,2.614787e-02,1.557789e-02,1.631769e-02
800,1.763461e-02,6.410929e-03,1.098597e-02
801,5.146053e-02,1.879345e-02,1.339336e-02
802,2.985739e-02,1.025790e-02,1.069599e-02
803,1.023311e-02,6.040531e-03,1.137381e-02
804,1.699453e-02,5.771924e-03,5.784650e-03
805,3.732189e-02,1.138801e-02,1.647746e-02
806,2.705509e-02,7.467076e-03,1.241848e-02
807,1.244341e-02,2.602453e-03,6.085676e-03
808,2.592276e-02,6.730565e-03,1.399765e-02
809,2.756484e-02,1.472180e-02,1.241671e-02
810,3.577904e-02,1.304417e-02,1.364904e-02
811,1.774892e-02,3.657876e-03,5.877480e-03
812,2.597971e-02,8.693855e-03,7.205046e-03
813,2.507430e-02,1.011363e-02,7.843106e-03
814,2.369355e-02,1.350441e-02,9.819160e-03
815,3.192790e-02,1.838823e-02,6.622363e-03
816,5.005000e-02,1.580641e-02,1.348170e-02
817,2.987097e-02,1.026706e-02,9.935060e-03
818,3.053744e-02,9.140168e-03,1.410847e-02
819,2.965114e-02,1.009410e-02,9.301444e-03
820,3.323482e-02,1.010570e-02,1.206066e-02
821,6.224519e-02,2.853686e-02,1.311602e-02
822,3.124625e-02,1.373740e-02,9.347162e-03
823,1.588500e-02,6.461587e-03,6.944673e-03
824,3.038167e-02,9.437315e-03,1.633051e-02
825,3.033861e-02,6.607152e-03,1.085902e-02
826,2.902668e-02,8.670402e-03,1.521526e-02
827,2.181961e-02,1.019333e-02,1.615731e-02
828,2.235194e-02,5.161614e-03,9.769327e-03
829,1.824093e-02,1.160331e-02,1.062681e-02
830,3.352614e-02,9.339589e-03,1.490503e-02
831,3.929393e-02,1.389308e-02,1.536163e-02
832,1.893297e-02,4.769203e-03,9.286886e-03
833,3.896507e-02,1.567556e-02,1.508123e-02
834,4.563187e-02,1.130881e-02,1.799715e-02
835,2.274839e-02,6.821818e-03,1.238403e-02
836,2.914920e-02,7.906075e-03,9.567846e-03
837,3.267223e-02,1.404221e-02,1.274412e-02
838,3.292121e-02,1.032672e-02,8.633873e-03
839,4.663127e-02,1.485335e-02,1.650694e-02
840,2.078702e-02,6.888155e-03,6.444142e-03
841,3.672265e-02,9.531631e-03,1.365919e-02
842,3.755093e-02,9.137438e-03,1.283162e-02
843,5.309801e-02,1.234413e-02,2.083318e-02
844,2.617798e-02,1.764842e-02,1.731709e-02
845,3.187975e-02,1.095018e-02,1.361192e-02
846,2.868160e-02,1.679748e-02,7.792670e-03
847,4.868086e-02,1.113336e-02,1.878157e-02
848,3.034301e-02,7.803772e-03,1.231850e-02
849,2.893161e-02,1.186138e-02,1.143683e-02
850,4.375971e-02,1.744847e-02,9.590235e-03
851,2.541931e-02,5.764345e-03,1.063115e-02
852,4.091277e-02,1.802039e-02,9.057415e-03
853,4.008724e-02,1.643619e-02,7.758079e-03
854,2.096146e-02,5.150318e-03,7.535287e-03
855,3.209593e-02,1.336465e-02,6.031956e-03
856,4.060388e-02,9.690180e-03,1.769375e-02
857,2.808048e-02,7.220024e-03,1.293202e-02
858,2.710155e-02,8.477323e-03,1.007665e-02
859,3.478207e-02,9.480463e-03,1.389393e-02
860,2.638169e-02,1.110890e-02,1.230886e-02
861,3.161388e-02,8.543708e-03,1.502871e-02
862,2.365443e-02,8.719962e-03,9.676890e-03
863,4.247019e-02,1.236331e-02,1.483668e-02
864,1.757708e-02,9.987579e-03,7.022230e-03
865,2.767525e-02,8.484832e-03,1.471530e-02
866,2.200378e-02,4.569643e-03,8.513204e-03
867,2.346248e-02,8.562058e-03,7.471557e-03
868,4.072974e-02,1.107095e-02,1.600936e-02
869,3.578580e-02,1.132483e-02,1.869621e-02
870,2.750406e-02,9.782876e-03,9.165853e-03
871,3.312325e-02,1.221423e-02,9.721488e-03
872,6.740913e-02,2.625880e-02,1.611528e-02
873,4.097727e-02,1.305905e-02,1.162666e-02
874,3.732566e-02,1.419782e-02,9.892368e-03
875,3.870453e-02,1.546783e-02,9.303384e-03
876,3.409714e-02,9.882677e-03,1.288088e-02
877,3.759069e-02,1.318343e-02,1.052712e-02
878,3.622628e-02,1.050198e-02,1.374723e-02
879,1.787976e-02,5.217099e-03,9.127563e-03
880,2.214044e-02,9.360548e-03,1.167241e-02
881,4.298397e-02,1.259833e-02,1.484215e-02
882,4.463618e-02,1.153098e-02,1.719374e-02
883,3.302008e-02,9.332541e-03,1.251524e-02
884,4.309776e-02,1.253780e-02,1.614159e-02
885,2.631100e-02,6.662140e-03,1.318400e-02
886,3.915463e-02,1.532661e-02,1.039154e-02
887,3.367974e-02,1.003869e-02,1.254469e-02
888,4.579271e-02,1.517823e-02,1.435790e-02
889,3.009739e-02,8.098975e-03,1.212655e-02
890,3.045944e-02,1.224339e-02,9.450790e-03
891,2.763480e-02,8.357641e-03,1.109876e-02
892,4.508653e-02,2.218391e-02,7.870347e-03
893,3.407406e-02,1.491170e-02,1.442578e-02
894,2.658170e-02,7.555372e-03,9.808829e-03
895,2.729010e-02,7.743117e-03,1.314787e-02
896,5.658172e-02,1.852463e-02,1.348363e-02
897,1.993641e-02,9.604326e-03,9.404875e-03
898,2.113758e-02,8.473037e-03,5.362035e-03
899,4.619965e-02,1.670016e-02,1.253748e-02
900,2.923244e-02,1.193360e-02,1.339884e-02
901,3.030574e-02,1.229073e-02,1.248357e-02
902,1.790179e-02,6.853017e-03,1.298101e-02
903,6.563443e-02,3.073902e-02,2.177954e-02
904,2.402896e-02,1.033258e-02,8.624904e-03
905,2.883719e-02,1.002288e-02,1.057313e-02
906,4.384068e-02,1.549166e-02,1.072032e-02
907,3.504669e-02,9.618575e-03,1.406666e-02
908,4.524304e-02,1.702071e-02,1.922694e-02
909,3.585490e-02,9.868269e-03,1.190900e-02
910,2.823823e-02,8.373680e-03,9.961170e-03
911,2.773288e-02,9.992971e-03,1.327228e-02
912,5.272923e-02,1.499541e-02,1.886079e-02
913,2.922300e-02,6.920276e-03,1.144569e-02
914,2.499585e-02,5.670209e-03,9.351231e-03
915,1.458308e-02,5.341239e-03,7.428884e-03
916,2.528389e-02,7.357112e-03,7.874496e-03
917,3.241989e-02,8.697644e-03,1.036750e-02
918,3.396681e-02,1.250230e-02,9.453406e-03
919,2.337902e-02,7.589917e-03,1.038946e-02
920,4.966130e-02,1.921416e-02,1.059500e-02
921,3.226329e-02,1.368943e-02,7.714350e-03
922,2.371883e-02,5.395142e-03,1.023926e-02
923,2.786270e-02,7.629740e-03,1.308114e-02
924,2.841993e-02,7.076449e-03,1.140932e-02
925,3.501571e-02,1.017758e-02,1.038941e-02
926,3.632063e-02,8.754381e-03,1.681650e-02
927,3.333385e-02,9.779855e-03,1.216573e-02
928,3.302760e-02,1.354911e-02,8.364290e-03
929,2.975868e-02,1.129314e-02,1.160849e-02
930,2.564033e-02,1.457813e-02,1.172227e-02
931,4.048769e-02,9.966790e-03,1.821392e-02
932,3.759043e-02,1.107484e-02,1.177310e-02
933,1.230240e-02,5.019202e-03,5.926323e-03
934,2.450956e-02,7.570021e-03,1.051433e-02
935,2.639257e-02,9.564448e-03,1.050383e-02
936,2.670480e-02,7.013733e-03,1.171554e-02
937,4.192732e-02,2.094461e-02,1.298191e-02
938,3.948697e-02,1.393941e-02,1.060350e-02
939,2.770714e-02,8.993536e-03,1.520120e-02
940,2.379394e-02,8.296417e-03,1.109962e-02
941,4.119645e-02,1.288699e-02,1.005850e-02
942,3.222176e-02,6.816189e-03,1.489262e-02
943,1.966711e-02,7.743138e-03,6.122631e-03
944,3.784193e-02,1.145704e-02,1.113880e-02
945,3.016047e-02,6.992122e-03,1.046023e-02
946,2.538437e-02,1.536523e-02,5.303236e-03
947,4.265681e-02,1.565229e-02,1.238638e-02
948,4.777836e-02,1.554172e-02,1.434740e-02
949,3.187532e-02,9.772086e-03,1.497085e-02
950,3.621743e-02,1.372654e-02,1.126563e-02
951,2.490428e-02,6.724408e-03,1.706969e-02
952,2.661535e-02,6.538937e-03,9.889979e-03
953,3.249264e-02,9.151362e-03,1.006001e-02
954,1.958580e-02,5.603795e-03,9.085622e-03
955,2.219896e-02,8.802978e-03,1.096458e-02
956,2.915153e-02,8.644367e-03,1.266252e-02
957,4.420697e-02,1.468320e-02,1.730669e-02
958,3.269478e-02,6.917076e-03,1.843985e-02
959,2.938764e-02,1.047454e-02,1.065811e-02
960,3.406647e-02,1.114770e-02,1.018642e-02
961,3.648714e-02,8.953609e-03,1.310194e-02
962,3.009431e-02,9.064673e-03,1.117043e-02
963,3.314275e-02,1.341947e-02,1.148097e-02
964,4.318811e-02,1.510538e-02,1.592410e-02
965,2.269488e-02,6.048939e-03,1.185290e-02
966,2.944190e-02,8.901282e-03,1.038404e-02
967,1.764886e-02,2.269324e-03,9.262913e-03
968,3.614955e-02,9.461000e-03,1.373161e-02
969,5.323707e-02,1.336051e-02,1.841861e-02
970,2.503515e-02,1.225437e-02,6.233103e-03
971,4.045215e-02,1.602483e-02,1.582288e-02
972,2.216118e-02,8.310053e-03,1.073325e-02
973,4.383733e-02,1.362348e-02,1.712493e-02
974,7.054369e-02,2.909460e-02,1.263487e-02
975,2.253934e-02,6.869444e-03,1.041520e-02
976,3.089617e-02,1.207300e-02,7.929346e-03
977,2.829386e-02,7.288841e-03,1.242863e-02
978,4.391957e-02,1.684161e-02,1.186277e-02
979,2.036260e-02,6.119679e-03,7.317866e-03
980,3.573317e-02,1.096933e-02,1.095573e-02
981,2.176268e-02,9.108810e-03,8.845945e-03
982,3.817667e-02,8.558692e-03,1.297092e-02
983,4.250358e-02,1.070134e-02,1.669591e-02
984,6.316340e-02,2.228222e-02,1.971678e-02
985,2.708664e-02,8.907961e-03,1.141182e-02
986,6.205653e-02,2.300170e-02,1.462464e-02
987,4.415742e-02,1.369514e-02,1.204496e-02
988,3.524266e-02,1.280870e-02,1.133927e-02
989,4.487599e-02,9.020210e-03,1.619142e-02
990,5.353772e-02,1.652638e-02,1.643540e-02
991,3.617631e-02,1.962542e-02,5.632976e-03
992,4.361922e-02,1.118737e-02,1.542385e-02
993,3.388565e-02,1.121800e-02,1.125449e-02
994,2.805947e-02,8.932937e-03,1.532673e-02
995,3.121196e-02,7.515042e-03,1.031565e-02
996,3.157872e-02,7.836387e-03,1.209911e-02
997,5.708663e-02,2.298623e-02,1.633006e-02
998,3.261817e-02,1.255540e-02,8.663848e-03
999,4.196603e-02,1.822571e-02,1.388188e-02
